code,site,location,landuse,soiltexture,bulkdensity,pH_KCl,C_total,N_total,NH4,NO3,P_total,P_Olsen,P_Ox,K,Mg,Ca,Na,Al,Fe
VB001,A,Haarzuilens,Food_forest,clay,0.74,6.0,10.965,0.73,11.019,34.603,1325,54.5,583.5,234.5,660.7,10678,34.8,<bg,<bg
VB002,A,Haarzuilens,Food_forest,clay,0.84,4.7,6.75,0.49,10.227,29.153,1030,40.5,364.1,242.0,569.5,7059,29.9,<bg,<bg
VB003,A,Haarzuilens,Food_forest,clay,0.75,6.0,7.86,0.551,10.999,34.145,1265,55.7,518.3,235.3,581.0,8462,40.9,<bg,<bg
VB004,A,Haarzuilens,Food_forest,clay,0.70,5.7,7.232,0.511,8.792,20.949,1267,47.6,412.0,244.4,635.6,7524,39.4,<bg,<bg
VB005,A,Haarzuilens,Food_forest,clay,0.79,5.3,7.124,0.523,8.143,20.776,1215,43.5,413.3,293.8,608.9,7291,37.1,<bg,<bg
VB006,A,Haarzuilens,Food_forest,clay,0.78,4.0,7.063,0.521,18.437,17.581,970,32.5,375.7,189.1,554.7,5506,34.2,<bg,6.7
VB007,B,Haarzuilens,Grassland,clay,0.85,6.5,5.038,0.392,10.332,28.711,1402,106.3,572.1,1322.7,567.6,4588,31.8,<bg,<bg
VB008,B,Haarzuilens,Grassland,clay,1.04,6.2,4.269,0.338,11.527,36.287,1243,91.8,505.8,1246.6,593.6,4235,41.5,<bg,<bg
VB009,B,Haarzuilens,Grassland,clay,0.85,5.5,4.154,0.322,11.900,18.174,1213,82.8,500.3,1494.3,563.4,2345,42.6,<bg,<bg
VB010,B,Haarzuilens,Grassland,clay,0.87,5.8,4.304,0.341,13.039,29.815,1190,58.5,482.5,1335.9,632.8,3439,48.7,<bg,<bg
VB011,B,Haarzuilens,Grassland,clay,0.84,6.2,4.873,0.375,10.034,15.398,1412,100.1,626.2,1472.6,568.8,3981,43.2,<bg,<bg
VB012,B,Haarzuilens,Grassland,clay,0.88,5.3,4.713,0.392,17.987,30.411,1428,72.7,598.6,1586.7,646.5,3024,45.4,<bg,<bg
VB013,C,Haarzuilens,Forest,clay,0.92,6.4,4.209,0.338,5.860,9.018,1145,43.1,468.4,250.4,710.9,6303,24.7,<bg,<bg
VB014,C,Haarzuilens,Forest,clay,1.12,5.9,3.501,0.301,7.257,12.404,1119,43.8,424.8,341.6,741.9,5873,36.4,<bg,<bg
VB015,C,Haarzuilens,Forest,clay,1.09,5.8,4.309,0.391,12.707,30.579,1265,63.6,618.0,351.0,764.7,5903,27.9,<bg,<bg
VB016,C,Haarzuilens,Forest,clay,0.99,4.7,4.551,0.358,9.350,11.836,1137,30.7,420.0,200.3,623.8,5974,31.1,<bg,<bg
VB017,C,Haarzuilens,Forest,clay,0.92,5.6,5.014,0.399,7.439,16.662,1408,50.1,492.4,293.4,766.1,6341,29.6,<bg,<bg
VB018,C,Haarzuilens,Forest,clay,1.02,6.5,6.588,0.431,5.900,8.775,891,38.0,403.7,225.2,684.9,9009,27.4,<bg,<bg
VB019,D,Haarzuilens,Arable_field,clay,0.87,5.7,5.804,0.534,9.671,41.485,1258,51.9,460.6,232.0,771.6,8563,99.3,<bg,<bg
VB020,D,Haarzuilens,Arable_field,clay,0.77,5.7,5.173,0.457,6.520,56.735,1231,46.2,379.3,232.8,749.4,8761,135.1,<bg,<bg
VB021,D,Haarzuilens,Arable_field,clay,0.76,5.5,6.05,0.514,14.516,67.240,1342,49.0,423.1,321.6,799.8,8101,130.0,<bg,<bg
VB022,D,Haarzuilens,Arable_field,clay,0.84,5.5,6.326,0.559,10.045,72.551,1432,51.7,475.7,325.0,817.0,8256,127.5,<bg,2.8
VB023,D,Haarzuilens,Arable_field,clay,0.85,5.5,6.291,0.538,9.491,59.141,1467,46.9,465.8,273.3,745.0,8104,111.9,<bg,<bg
VB024,D,Haarzuilens,Arable_field,clay,0.85,5.4,5.924,0.532,19.782,54.085,1393,45.3,439.2,239.9,784.7,8648,118.6,<bg,<bg
VB025,E,Vlaardingen,Forest,clay,1.13,4.7,3.051,0.241,9.988,7.191,1980,139.4,1281.3,588.8,299.4,2617,42.5,<bg,<bg
VB026,E,Vlaardingen,Forest,clay,0.97,4.1,5.292,0.387,18.066,23.473,1923,111.3,1009.7,517.6,293.9,3581,41.5,<bg,6.5
VB027,E,Vlaardingen,Forest,clay,0.86,4.8,6.146,0.431,10.541,14.867,1376,47.1,661.6,186.2,591.2,4349,248.7,<bg,<bg
VB028,E,Vlaardingen,Forest,clay,0.88,6.1,6.068,0.408,17.600,17.695,3500,155.5,2474.6,371.9,352.3,7188,81.6,<bg,<bg
VB029,E,Vlaardingen,Forest,clay,0.94,5.2,6.611,0.47,9.512,20.916,1854,113.2,1046.5,536.3,348.4,6253,58.6,<bg,<bg
VB030,E,Vlaardingen,Forest,clay,0.82,4.9,7.226,0.453,13.882,21.450,3377,145.6,2197.2,378.3,463.4,4878,121.4,<bg,<bg
VB031,F,Vlaardingen,Grassland,clay,0.95,4.9,4.73,0.321,9.575,3.556,950,44.2,435.1,141.0,215.2,3784,40.1,<bg,<bg
VB032,F,Vlaardingen,Grassland,clay,0.87,6.1,4.139,0.303,8.741,9.990,1282,53.8,565.0,87.7,207.1,5178,30.4,<bg,<bg
VB033,F,Vlaardingen,Grassland,clay,0.98,5.5,3.99,0.331,9.947,13.241,993,43.1,415.4,97.9,188.5,4279,30.3,<bg,3.5
VB034,F,Vlaardingen,Grassland,clay,0.99,5.5,4.254,0.345,12.488,2.982,898,33.3,370.3,175.1,328.7,4522,72.8,<bg,<bg
VB035,F,Vlaardingen,Grassland,clay,1.06,6.1,4.11,0.341,10.516,4.500,1017,45.0,467.5,210.8,337.9,5449,27.4,<bg,<bg
VB036,F,Vlaardingen,Grassland,clay,1.07,5.5,3.701,0.298,10.233,1.620,819,36.5,365.6,215.1,359.8,4211,34.9,<bg,<bg
VB037,G,Vlaardingen,Food_forest,clay,0.94,6.2,4.766,0.37,6.762,7.558,854,40.2,357.0,383.2,430.9,5836,28.0,<bg,<bg
VB038,G,Vlaardingen,Food_forest,clay,0.94,7.0,4.452,0.333,8.669,39.863,945,82.4,472.1,313.4,307.5,5916,56.7,<bg,<bg
VB039,G,Vlaardingen,Food_forest,clay,0.76,6.4,6.982,0.525,12.721,25.194,1760,119.9,933.5,352.3,300.5,8395,33.4,<bg,<bg
VB040,G,Vlaardingen,Food_forest,clay,0.87,6.8,5.714,0.414,9.376,16.420,1330,88.6,682.0,329.5,243.0,7252,30.4,<bg,<bg
VB041,G,Vlaardingen,Food_forest,clay,0.96,6.1,5.947,0.444,10.354,28.728,1209,70.9,645.6,425.5,444.7,6974,17.7,<bg,<bg
VB042,G,Vlaardingen,Food_forest,clay,0.98,6.5,4.36,0.322,7.536,20.250,953,49.7,396.2,344.9,211.7,5661,39.6,<bg,<bg
VB043,H,Boelenslaan,Food_forest,sand,0.81,4.1,2.204,0.145,6.597,1.999,244,51.4,98.4,45.9,53.1,296,3.1,105,3.2
VB044,H,Boelenslaan,Food_forest,sand,1.09,4.3,1.985,0.128,4.826,3.483,255,41.6,92.7,36.6,67.5,437,3.4,87,6.5
VB045,H,Boelenslaan,Food_forest,sand,1.08,4.2,2.809,0.182,14.513,6.913,340,52.4,110.0,21.6,75.2,431,5.6,94,3.3
VB046,H,Boelenslaan,Food_forest,sand,1.19,4.3,2.208,0.163,5.402,3.947,414,84.6,190.2,28.1,86.1,397,4.3,81,<bg
VB047,H,Boelenslaan,Food_forest,sand,1.20,4.2,2.61,0.163,6.161,4.953,352,65.3,132.5,43.1,90.0,541,5.1,117,<bg
VB048,H,Boelenslaan,Food_forest,sand,1.02,4.3,2.376,0.167,10.877,8.638,390,71.6,159.0,28.4,91.1,497,6.0,84,<bg
VB049,I,Boelenslaan,Grassland,sand,1.44,4.2,2.987,0.197,13.670,6.730,766,159.1,430.6,128.4,92.2,359,12.8,78,<bg
VB050,I,Boelenslaan,Grassland,sand,1.34,4.3,2.985,0.178,7.982,5.619,512,109.5,245.3,61.5,118.3,619,17.8,54,<bg
VB051,I,Boelenslaan,Grassland,sand,1.25,4.4,2.065,0.153,6.894,7.094,716,133.0,390.5,114.0,109.0,508,13.0,<bg,<bg
VB052,I,Boelenslaan,Grassland,sand,1.43,4.8,2.654,0.199,18.679,11.398,780,137.8,450.5,242.4,141.6,653,17.0,<bg,<bg
VB053,I,Boelenslaan,Grassland,sand,1.43,4.4,2.955,0.179,7.537,7.641,743,154.2,415.0,194.6,133.1,593,21.8,<bg,<bg
VB054,I,Boelenslaan,Grassland,sand,1.32,4.2,3.634,0.21,15.183,8.191,484,99.5,200.6,244.2,117.3,537,15.0,67,4.5
VB055,J,Boelenslaan,Food_forest,sand,NA,4.5,3.244,0.183,7.756,4.217,580,124.1,347.6,31.0,84.5,1144,6.0,<bg,<bg
VB056,J,Boelenslaan,Food_forest,sand,1.26,3.8,3.06,0.17,15.694,7.809,408,110.0,237.0,25.3,35.6,397,5.1,172,7.9
VB057,J,Boelenslaan,Food_forest,sand,0.83,4.1,2.754,0.181,18.633,10.602,392,94.0,212.7,36.6,45.8,637,5.5,98,4.8
VB058,J,Boelenslaan,Food_forest,sand,0.76,4.0,5.647,0.297,31.385,7.944,309,62.6,120.6,108.6,114.8,1206,17.2,70,5.3
VB059,J,Boelenslaan,Food_forest,sand,0.98,3.7,4.577,0.215,17.746,5.411,511,115.4,228.9,40.3,48.2,493,8.2,205,12.1
VB060,J,Boelenslaan,Food_forest,sand,1.33,4.0,1.392,0.093,9.413,2.090,230,48.4,98.4,27.1,42.9,246,2.7,95,3.6
VB061,K,Boelenslaan,Forest,sand,1.20,3.8,3.06,0.182,11.083,3.395,572,136.6,346.5,40.6,34.2,463,4.6,104,7
VB062,K,Boelenslaan,Forest,sand,0.92,3.5,6.438,0.293,12.144,3.814,501,90.6,171.0,35.3,27.2,317,180.0,353,19.2
VB063,K,Boelenslaan,Forest,sand,0.95,3.4,4.302,0.202,9.340,3.225,320,84.4,127.6,39.8,20.6,210,9.6,358,13.7
VB064,K,Boelenslaan,Forest,sand,0.77,3.4,4.097,0.215,8.912,2.851,342,101.9,159.7,24.9,23.7,182,11.8,330,17.6
VB065,K,Boelenslaan,Forest,sand,1.15,3.8,3.645,0.237,13.195,8.699,471,86.7,194.3,30.8,34.2,366,23.6,272,12.3
VB066,K,Boelenslaan,Forest,sand,0.75,3.2,6.751,0.304,10.668,3.091,503,135.3,259.6,32.9,24.3,192,18.9,392,16.4
VB067,L,Groesbeek,Arable_field,loam,1.21,5.0,2.505,0.211,10.603,13.126,577,28.5,202.9,76.3,245.8,1903,13.5,<bg,<bg
VB068,L,Groesbeek,Arable_field,loam,1.27,5.0,2.464,0.207,5.762,12.622,640,35.2,268.4,96.7,229.2,1658,18.8,<bg,<bg
VB069,L,Groesbeek,Arable_field,loam,1.24,4.6,2.333,0.247,6.731,11.329,564,18.7,178.0,77.1,213.7,1646,12.0,<bg,<bg
VB070,L,Groesbeek,Arable_field,loam,1.23,5.0,2.261,0.211,7.154,5.167,510,27.8,189.8,137.0,244.4,1813,14.8,<bg,<bg
VB071,L,Groesbeek,Arable_field,loam,1.18,5.0,2.539,0.235,5.103,12.862,527,30.5,185.2,139.1,246.4,1776,15.0,<bg,<bg
VB072,L,Groesbeek,Arable_field,loam,1.34,4.6,2.306,0.224,6.282,24.763,850,68.2,445.0,208.6,193.6,1339,7.2,<bg,<bg
VB073,M,Groesbeek,Forest,loam,0.79,4.1,3.713,0.315,19.170,2.831,441,9.9,42.7,47.1,150.3,2314,35.9,94,18.8
VB074,M,Groesbeek,Forest,loam,0.74,4.8,3.129,0.241,12.136,6.068,435,16.4,97.6,48.0,184.7,3031,36.2,<bg,<bg
VB075,M,Groesbeek,Forest,loam,0.94,4.1,2.446,0.178,13.243,2.083,283,9.1,37.0,50.7,132.4,2117,43.2,90,14.6
VB076,M,Groesbeek,Forest,loam,0.56,3.4,6.762,0.373,28.387,2.829,372,18.4,42.6,50.1,111.6,1245,28.2,423,68.6
VB077,M,Groesbeek,Forest,loam,0.60,3.7,5.348,0.347,28.645,10.315,624,14.5,70.9,42.6,101.1,1770,28.0,307,26.2
VB078,M,Groesbeek,Forest,loam,0.40,3.5,4.774,0.312,28.102,4.783,436,10.5,41.4,50.0,166.1,1448,35.0,402,53
VB081,N,Groesbeek,Grassland,loam,1.33,4.9,2.446,0.192,6.704,13.707,774,55.8,341.1,83.3,201.2,1062,30.2,<bg,<bg
VB082,N,Groesbeek,Grassland,loam,1.35,4.9,2.265,0.182,6.081,8.872,902,31.2,230.7,120.8,221.0,1059,30.0,<bg,<bg
VB083,N,Groesbeek,Grassland,loam,1.24,4.8,2.477,0.181,4.827,14.286,521,35.9,173.9,71.6,178.2,893,25.7,<bg,<bg
VB084,N,Groesbeek,Grassland,loam,1.29,4.9,2.284,0.172,9.959,12.420,521,34.3,186.1,71.2,171.3,853,25.4,<bg,<bg
VB085,O,Groesbeek,Food_forest,loam,0.78,4.7,2.631,0.19,9.957,4.822,595,29.8,202.7,219.9,84.2,1283,5.1,<bg,3
VB086,O,Groesbeek,Food_forest,loam,1.21,4.7,2.277,0.185,11.271,2.815,593,44.8,203.7,255.4,57.7,929,7.0,<bg,<bg
VB087,O,Groesbeek,Food_forest,loam,1.27,5.0,2.125,0.191,3.871,4.764,648,35.6,269.4,289.4,125.5,2027,5.2,<bg,<bg
VB088,O,Groesbeek,Food_forest,loam,1.25,5.2,2.774,0.198,16.176,5.923,955,56.1,316.6,343.5,91.7,1649,13.5,<bg,2.8
VB089,O,Groesbeek,Food_forest,loam,1.13,5.1,1.682,0.15,8.752,7.767,622,27.8,229.0,235.9,90.4,1556,4.7,<bg,<bg
VB090,O,Groesbeek,Food_forest,loam,1.14,4.8,1.979,0.174,24.556,4.217,652,35.3,296.2,178.9,90.3,1506,7.0,<bg,2.9
VB091,P,Sint-Truiden,Food_forest,loam,1.28,5.4,2.205,0.18,6.400,10.786,783,51.4,367.5,442.7,136.2,1591,5.3,<bg,<bg
VB092,P,Sint-Truiden,Food_forest,loam,1.22,5.8,1.993,0.204,4.999,19.145,605,32.5,275.3,228.1,156.6,1993,6.3,<bg,<bg
VB093,P,Sint-Truiden,Food_forest,loam,1.32,4.7,1.787,0.156,7.496,7.296,765,62.0,393.8,366.7,116.1,1145,4.5,<bg,<bg
VB094,P,Sint-Truiden,Food_forest,loam,1.32,5.9,2.638,0.201,5.938,5.729,724,49.1,349.3,343.3,276.6,3292,9.6,<bg,<bg
VB095,P,Sint-Truiden,Food_forest,loam,1.36,5.1,1.666,0.158,5.170,6.728,529,21.4,205.0,172.7,165.6,1589,6.6,<bg,<bg
VB096,P,Sint-Truiden,Food_forest,loam,1.18,5.4,2.191,0.186,7.895,5.343,781,47.1,345.6,330.8,127.7,1589,4.7,<bg,<bg
VB097,Q,Sint-Truiden,Forest,loam,0.86,3.3,3.169,0.174,18.703,0.698,203,15.8,22.9,151.2,69.7,250,5.9,266,74.1
VB098,Q,Sint-Truiden,Forest,loam,0.95,3.1,3.432,0.183,15.345,0.747,168,20.6,24.0,66.3,33.0,212,6.5,166,79.6
VB099,Q,Sint-Truiden,Forest,loam,1.01,3.0,6.279,0.299,14.937,NA,192,20.7,22.0,88.7,44.1,327,9.0,217,127.8
VB100,Q,Sint-Truiden,Forest,loam,1.17,3.1,4.051,0.206,18.477,0.314,163,16.9,18.2,72.6,30.9,161,5.5,236,96.6
VB101,Q,Sint-Truiden,Forest,loam,0.83,3.3,3.347,0.194,21.111,1.232,171,14.9,17.5,56.5,32.4,238,4.9,204,67
VB102,Q,Sint-Truiden,Forest,loam,0.94,3.1,3.246,0.19,16.147,NA,130,9.5,10.7,114.7,32.1,132,7.2,482,94.8
VB103,R,Sint-Truiden,Grassland,loam,1.35,4.3,1.296,0.136,7.658,1.250,427,17.2,131.1,73.5,95.7,822,7.5,<bg,<bg
VB104,R,Sint-Truiden,Grassland,loam,1.35,4.2,1.273,0.144,8.008,3.048,403,16.9,133.8,81.2,89.8,820,6.3,<bg,<bg
VB105,R,Sint-Truiden,Grassland,loam,1.57,4.4,1.123,0.13,9.961,1.587,501,35.6,220.7,53.6,48.3,579,6.1,<bg,<bg
VB106,R,Sint-Truiden,Grassland,loam,1.46,4.4,1.042,0.102,8.944,1.043,611,44.0,248.8,42.4,36.0,441,6.5,<bg,<bg
VB107,R,Sint-Truiden,Grassland,loam,1.19,4.4,1.005,0.114,9.190,0.665,602,54.0,303.0,43.8,33.8,428,5.7,<bg,<bg
VB108,R,Sint-Truiden,Grassland,loam,1.42,4.2,1.151,0.116,18.203,0.114,486,45.4,218.7,50.9,39.9,307,5.7,<bg,<bg
VB109,S,Sint-Truiden,Arable_field,loam,1.32,6.2,1.756,0.164,12.952,11.451,663,64.4,362.9,370.5,139.2,1672,9.7,<bg,<bg
VB110,S,Sint-Truiden,Arable_field,loam,1.50,5.9,1.567,0.154,5.351,4.020,694,48.6,330.0,267.0,110.7,1423,9.9,<bg,<bg
VB111,S,Sint-Truiden,Arable_field,loam,1.45,5.8,1.587,0.159,4.624,5.881,654,52.4,310.3,368.8,136.4,1566,10.8,<bg,<bg
VB112,S,Sint-Truiden,Arable_field,loam,1.43,5.8,1.601,0.163,5.282,5.432,710,52.5,351.4,287.7,128.9,1633,10.6,<bg,<bg
VB113,S,Sint-Truiden,Arable_field,loam,1.52,5.7,1.372,0.136,4.634,3.837,647,51.9,319.8,279.6,113.6,1540,7.3,<bg,<bg
VB114,S,Sint-Truiden,Arable_field,loam,1.48,5.4,1.552,0.16,6.889,3.772,752,53.8,369.3,262.3,113.4,1412,11.2,<bg,<bg
VB115,T,Amsterdam,Grassland,clay,1.46,7.4,3.035,0.184,10.870,2.928,449,16.3,123.0,92.6,102.4,3461,24.6,<bg,<bg
VB116,T,Amsterdam,Grassland,clay,1.45,7.4,3.317,0.19,8.055,4.547,430,15.5,123.5,96.3,78.9,3259,18.6,<bg,<bg
VB117,T,Amsterdam,Grassland,clay,1.43,7.6,2.22,0.139,4.273,1.853,279,11.7,86.4,54.3,47.4,2248,8.6,<bg,<bg
VB118,T,Amsterdam,Grassland,clay,1.42,7.4,3.31,0.194,5.315,9.289,548,30.6,197.5,119.4,90.1,3315,13.7,<bg,<bg
VB119,T,Amsterdam,Grassland,clay,1.41,7.4,2.808,0.146,6.763,3.829,378,10.8,92.1,103.5,85.0,2699,19.1,<bg,<bg
VB120,T,Amsterdam,Grassland,clay,1.54,7.6,2.585,0.158,4.205,1.546,337,14.7,96.1,59.0,52.9,2232,10.1,<bg,<bg
VB121,U,Amsterdam,Food_forest,clay,1.24,7.8,2.559,0.155,4.782,8.030,594,41.4,216.0,229.9,67.0,2681,7.1,<bg,<bg
VB122,U,Amsterdam,Food_forest,clay,1.37,7.5,2.479,0.149,7.008,6.581,528,30.0,193.1,162.1,65.8,2830,9.7,<bg,<bg
VB123,U,Amsterdam,Food_forest,clay,1.46,7.7,2.245,0.123,3.510,1.997,400,12.9,120.0,87.2,36.7,2251,7.1,<bg,<bg
VB124,U,Amsterdam,Food_forest,clay,1.39,7.7,2.488,0.148,6.722,3.775,527,31.8,177.5,149.4,62.8,2441,7.5,<bg,<bg
VB125,U,Amsterdam,Food_forest,clay,1.36,7.3,2.674,0.162,6.097,3.901,570,40.7,211.2,197.1,77.8,3281,7.5,<bg,<bg
VB126,U,Amsterdam,Food_forest,clay,1.41,7.4,2.545,0.145,4.074,2.618,527,36.8,197.2,173.9,63.1,2883,6.5,<bg,<bg
VB127,V,Amsterdam,Forest,clay,1.05,7.1,3.805,0.234,7.176,3.289,1044,80.2,521.7,278.6,168.6,5417,25.0,<bg,<bg
VB128,V,Amsterdam,Forest,clay,1.28,7.0,3.328,0.225,7.037,4.245,1096,83.8,484.3,326.8,169.7,4843,20.9,<bg,<bg
VB129,V,Amsterdam,Forest,clay,1.13,7.1,2.823,0.21,5.215,2.434,900,74.1,451.0,335.8,147.3,4352,20.9,<bg,<bg
VB130,V,Amsterdam,Forest,clay,1.10,7.4,2.372,0.161,6.109,0.819,817,68.1,424.7,199.7,126.2,3104,20.0,<bg,<bg
VB131,V,Amsterdam,Forest,clay,1.41,7.3,2.432,0.155,4.982,2.829,809,58.8,339.1,190.3,119.3,2953,13.8,<bg,<bg
VB132,V,Amsterdam,Forest,clay,1.08,7.1,2.542,0.172,6.368,0.429,638,29.9,247.9,173.4,124.7,3123,32.8,<bg,<bg
VB133,W,Swalmen,Forest,sand,1.49,3.6,1.942,0.137,4.629,0.149,472,93.9,236.9,19.6,14.0,105,2.1,119,9.5
VB134,W,Swalmen,Forest,sand,1.34,3.7,1.497,0.113,6.135,NA,519,87.4,270.2,24.7,13.5,71,2.2,120,9.8
VB135,W,Swalmen,Forest,sand,1.21,3.8,1.781,0.123,6.294,0.749,683,90.5,276.0,23.8,10.0,85,1.5,119,<bg
VB136,W,Swalmen,Forest,sand,1.04,3.4,3.232,0.169,8.179,NA,288,41.1,58.1,43.7,24.5,129,4.2,206,31.3
VB137,W,Swalmen,Forest,sand,1.21,3.8,1.611,0.113,7.669,0.946,571,88.0,262.9,21.5,9.3,92,1.9,115,8
VB138,W,Swalmen,Forest,sand,1.37,3.7,1.898,0.128,5.589,1.583,537,81.5,204.6,27.4,18.0,160,3.3,98,8.7
VB139,X,Swalmen,Grassland,sand,1.35,4.3,1.376,0.106,3.180,0.149,655,57.3,298.3,16.6,27.9,311,1.9,<bg,<bg
VB140,X,Swalmen,Grassland,sand,1.44,4.2,1.631,0.119,4.072,0.313,597,58.9,300.9,17.4,23.3,273,2.1,<bg,7.7
VB141,X,Swalmen,Grassland,sand,1.29,4.2,1.761,0.136,3.377,0.949,634,70.9,335.9,26.3,31.8,330,2.8,<bg,<bg
VB142,X,Swalmen,Grassland,sand,1.33,4.1,1.441,0.109,4.344,0.413,534,53.6,257.8,19.4,15.8,276,2.6,<bg,<bg
VB143,X,Swalmen,Grassland,sand,1.24,4.3,1.959,0.142,4.448,1.776,754,66.2,345.2,30.1,39.0,402,2.2,<bg,<bg
VB144,X,Swalmen,Grassland,sand,1.39,4.2,1.518,0.111,3.230,0.524,583,54.6,267.3,13.2,21.7,288,2.1,<bg,<bg
VB145,Y,Swalmen,Food_forest,sand,1.03,5.1,2.205,0.159,5.932,3.186,841,75.7,538.1,60.2,91.7,1043,2.8,<bg,<bg
VB146,Y,Swalmen,Food_forest,sand,1.35,4.9,2.738,0.191,8.524,6.490,930,110.1,670.8,96.5,123.6,1218,2.8,<bg,<bg
VB147,Y,Swalmen,Food_forest,sand,1.27,5.6,2.409,0.183,10.458,7.870,970,79.0,620.6,91.5,129.2,1351,2.1,<bg,<bg
VB148,Y,Swalmen,Food_forest,sand,1.28,4.4,1.698,0.129,4.858,3.329,854,82.2,534.7,39.7,42.4,567,1.4,<bg,<bg
VB149,Y,Swalmen,Food_forest,sand,1.18,4.7,2.178,0.165,5.643,3.146,886,78.7,478.6,53.5,65.3,694,2.7,<bg,<bg
VB150,Y,Swalmen,Food_forest,sand,0.91,5.7,2.735,0.178,4.517,4.617,870,74.8,529.3,110.7,171.2,1514,2.1,<bg,<bg
VB151,Z,Nevele,Food_forest,sand,1.04,5.6,3.487,0.231,8.387,16.175,974,90.9,545.9,313.3,275.8,2093,8.7,<bg,<bg
VB152,Z,Nevele,Food_forest,sand,0.85,5.9,3.04,0.239,9.037,23.524,1118,108.3,625.9,416.4,286.5,2511,14.6,<bg,<bg
VB153,Z,Nevele,Food_forest,sand,0.74,5.5,3.365,0.247,9.137,27.430,1073,112.8,642.1,356.1,328.9,2616,8.9,<bg,<bg
VB154,Z,Nevele,Food_forest,sand,0.85,6.4,3.386,0.262,8.278,15.011,1221,107.9,641.1,325.6,277.6,2959,7.9,<bg,<bg
VB155,Z,Nevele,Food_forest,sand,0.77,5.8,3.049,0.227,6.874,17.809,931,95.0,497.5,248.3,275.4,2218,8.2,<bg,<bg
VB156,Z,Nevele,Food_forest,sand,0.99,5.5,2.151,0.178,8.817,12.214,850,86.6,471.0,230.8,211.9,1649,5.9,<bg,<bg
VB157,AA,Nevele,Arable_field,sand,1.37,5.8,1.499,0.135,6.020,35.848,838,66.4,491.2,73.2,172.4,897,11.3,<bg,<bg
VB158,AA,Nevele,Arable_field,sand,1.23,5.3,1.167,0.13,2.867,25.487,795,74.8,549.7,69.4,124.8,594,7.2,<bg,<bg
VB159,AA,Nevele,Arable_field,sand,1.25,6.0,1.452,0.149,6.254,38.595,986,70.1,631.5,123.3,207.0,884,14.0,<bg,<bg
VB160,AA,Nevele,Arable_field,sand,1.36,5.5,1.109,0.118,4.641,44.735,804,76.7,492.9,96.4,142.8,604,9.4,<bg,<bg
VB161,AA,Nevele,Arable_field,sand,1.26,5.2,1.265,0.13,7.518,42.572,1017,83.3,703.8,243.7,201.6,829,85.7,<bg,<bg
VB162,AA,Nevele,Arable_field,sand,1.29,5.5,1.318,0.144,3.357,34.199,1006,70.4,664.3,74.5,158.8,874,11.7,<bg,<bg
VB163,AB,Nevele,Forest,sand,0.50,7.0,2.455,0.184,4.821,16.855,249,19.1,87.1,87.2,155.4,3297,171.3,<bg,<bg
VB164,AB,Nevele,Forest,sand,0.49,7.1,2.367,0.177,5.035,7.728,278,14.3,83.0,87.7,223.1,3123,107.6,<bg,<bg
VB165,AB,Nevele,Forest,sand,0.59,6.7,1.349,0.112,3.692,8.482,256,8.5,38.5,112.7,99.1,1688,12.0,<bg,<bg
VB166,AB,Nevele,Forest,sand,0.52,6.7,2.766,0.206,3.956,13.188,282,10.0,47.3,76.3,192.0,3046,128.5,<bg,<bg
VB167,AB,Nevele,Forest,sand,0.94,6.9,1.781,0.147,4.281,11.340,202,8.8,34.8,151.5,111.7,1907,11.0,<bg,<bg
VB168,AB,Nevele,Forest,sand,0.92,7.2,1.426,0.122,5.320,9.292,268,11.1,75.9,145.0,91.7,1839,9.5,<bg,<bg
VB169,AC,Nevele,Grassland,sand,1.13,4.3,2.577,0.206,6.214,0.994,1086,147.1,540.6,63.7,81.6,354,20.4,59,<bg
VB170,AC,Nevele,Grassland,sand,1.24,4.3,2.648,0.231,7.808,4.026,1052,166.6,561.8,84.8,101.3,410,15.3,51,<bg
VB171,AC,Nevele,Grassland,sand,1.13,4.2,1.898,0.189,5.780,1.374,875,120.3,474.3,52.5,54.9,285,9.5,64,<bg
VB172,AC,Nevele,Grassland,sand,1.13,4.3,2.544,0.231,6.439,1.973,1133,160.3,645.9,74.3,83.5,413,11.7,52,<bg
VB173,AC,Nevele,Grassland,sand,1.30,4.3,2.133,0.22,9.077,0.614,978,107.0,517.8,75.6,87.7,421,16.2,58,<bg
VB174,AC,Nevele,Grassland,sand,1.29,4.4,1.748,0.178,5.255,1.489,911,63.0,428.9,36.6,56.5,455,11.2,<bg,<bg
VB175,AD,Houthulst,Food_forest,loam,0.98,4.5,2.031,0.211,9.037,2.428,444,46.8,180.7,213.1,160.3,1222,18.1,<bg,<bg
VB176,AD,Houthulst,Food_forest,loam,0.83,5.3,2.488,0.252,20.417,1.793,549,38.7,213.3,300.1,175.6,1314,15.1,<bg,<bg
VB177,AD,Houthulst,Food_forest,loam,0.96,5.2,2.305,0.245,11.749,6.579,530,46.7,224.7,364.4,209.2,1609,14.3,<bg,<bg
VB178,AD,Houthulst,Food_forest,loam,0.77,5.6,4.414,0.368,44.180,16.385,806,76.3,369.7,526.4,263.7,3060,24.9,<bg,<bg
VB179,AD,Houthulst,Food_forest,loam,0.66,6.7,3.917,0.366,24.573,24.708,1316,135.1,636.9,934.8,342.5,3382,19.8,<bg,<bg
VB180,AD,Houthulst,Food_forest,loam,0.87,5.6,3.374,0.321,18.653,14.217,699,53.1,337.3,316.8,228.1,2498,18.8,<bg,<bg
VB181,AE,Houthulst,Grassland,loam,1.39,5.0,1.149,0.132,8.103,1.169,1078,72.1,442.9,164.6,216.2,967,8.8,<bg,<bg
VB182,AE,Houthulst,Grassland,loam,1.18,5.7,1.366,0.149,3.727,2.008,843,81.4,448.9,265.7,230.4,1154,6.6,<bg,<bg
VB183,AE,Houthulst,Grassland,loam,1.13,5.3,1.625,0.174,7.893,3.292,990,95.8,528.2,355.2,232.5,1287,13.0,<bg,<bg
VB184,AE,Houthulst,Grassland,loam,1.14,5.8,1.34,0.146,7.273,1.334,905,86.6,482.5,274.2,197.1,928,11.3,<bg,<bg
VB185,AE,Houthulst,Grassland,loam,1.18,6.0,1.414,0.164,4.466,0.844,1040,97.9,602.7,297.3,238.2,1141,7.6,<bg,<bg
VB186,AE,Houthulst,Grassland,loam,1.41,5.3,1.251,0.16,5.180,0.115,773,71.2,410.8,152.3,220.4,1018,8.6,<bg,<bg
VB187,AF,Houthulst,Forest,loam,0.68,3.5,3.998,0.306,16.235,16.540,538,68.0,182.8,153.2,100.0,752,13.9,219,24.3
VB188,AF,Houthulst,Forest,loam,0.94,4.3,2.362,0.218,12.699,11.844,513,57.4,168.2,215.1,135.5,1160,20.2,<bg,<bg
VB189,AF,Houthulst,Forest,loam,1.02,4.4,2.452,0.228,10.920,2.812,385,28.6,92.5,108.3,121.1,1224,25.6,<bg,<bg
VB190,AF,Houthulst,Forest,loam,0.88,4.2,2.657,0.239,12.259,4.546,469,41.5,118.3,128.6,123.6,1068,18.8,52,<bg
VB191,AF,Houthulst,Forest,loam,0.20,3.3,4.578,0.347,25.392,18.194,598,112.9,256.9,184.4,69.9,662,16.0,246,26.1
VB192,AF,Houthulst,Forest,loam,0.99,3.7,2.425,0.244,10.685,3.867,429,34.5,97.5,112.9,72.9,559,14.6,174,10.5
VB193,AG,Houthulst,Arable_field,loam,1.53,5.8,1.158,0.132,3.961,3.137,785,83.0,470.3,222.4,210.0,1710,16.1,<bg,<bg
VB194,AG,Houthulst,Arable_field,loam,1.53,6.0,1.109,0.134,3.996,4.036,1089,75.8,447.9,210.0,237.6,1637,26.5,<bg,<bg
VB195,AG,Houthulst,Arable_field,loam,1.54,6.1,1.319,0.138,4.176,9.157,1104,103.7,639.4,346.2,221.5,2037,36.0,<bg,<bg
VB196,AG,Houthulst,Arable_field,loam,1.54,6.6,1.078,0.13,3.437,4.556,762,71.0,398.2,224.7,248.9,1586,23.9,<bg,<bg
VB197,AG,Houthulst,Arable_field,loam,1.55,5.7,1.18,0.13,2.842,4.386,758,74.4,383.5,199.3,234.9,1703,14.8,<bg,<bg
VB198,AG,Houthulst,Arable_field,loam,NA,5.9,1.152,0.133,2.678,3.702,796,81.5,417.8,214.6,223.1,1663,14.8,<bg,<bg
VB199,AH,Rijswijk,Grassland,clay,0.84,4.8,4.826,0.438,4.776,24.988,1085,20.0,228.9,120.3,792.2,5215,44.9,<bg,<bg
VB200,AH,Rijswijk,Grassland,clay,0.93,4.8,4.845,0.456,5.505,19.038,1138,26.0,299.2,156.1,795.4,5051,48.0,<bg,<bg
VB201,AH,Rijswijk,Grassland,clay,0.90,5.6,4.463,0.429,4.571,30.358,1148,25.3,324.3,112.8,717.6,5603,56.5,<bg,<bg
VB202,AH,Rijswijk,Grassland,clay,0.74,5.9,4.344,0.414,4.911,30.403,1038,19.8,254.9,108.7,613.7,6372,50.3,<bg,<bg
VB203,AH,Rijswijk,Grassland,clay,0.81,5.3,3.891,0.398,4.756,26.686,944,12.7,210.0,109.0,652.9,5199,41.2,<bg,<bg
VB204,AH,Rijswijk,Grassland,clay,0.72,4.9,4.549,0.433,5.175,23.809,1039,17.6,198.2,122.2,739.6,5161,39.3,<bg,<bg
VB205,AI,Rijswijk,Food_forest,clay,1.21,5.3,2.426,0.271,5.455,4.101,905,30.0,319.6,174.5,668.8,4714,27.3,<bg,<bg
VB206,AI,Rijswijk,Food_forest,clay,1.12,5.9,2.837,0.286,3.642,11.405,1073,45.0,396.1,196.9,537.4,5039,22.5,<bg,<bg
VB207,AI,Rijswijk,Food_forest,clay,0.96,5.5,2.933,0.301,4.436,14.437,1290,56.1,563.2,257.2,670.7,4913,24.5,<bg,<bg
VB208,AI,Rijswijk,Food_forest,clay,1.05,5.7,2.716,0.278,2.738,12.813,1084,49.4,377.4,166.2,569.4,4671,26.1,<bg,<bg
VB209,AI,Rijswijk,Food_forest,clay,1.37,6.5,2.621,0.257,4.261,16.330,1052,56.7,429.4,209.0,464.8,5191,20.4,<bg,<bg
VB210,AI,Rijswijk,Food_forest,clay,1.08,6.3,2.131,0.225,2.098,9.322,1018,34.4,342.0,176.8,603.0,5141,22.2,<bg,<bg
VB211,AJ,Rijswijk,Arable_field,clay,1.06,6.5,2.238,0.249,6.674,24.153,1507,86.2,741.0,311.8,476.2,5474,42.1,<bg,<bg
VB212,AJ,Rijswijk,Arable_field,clay,1.29,5.6,2.301,0.25,5.130,23.609,1574,86.3,786.9,331.1,465.1,5871,45.2,<bg,<bg
VB213,AJ,Rijswijk,Arable_field,clay,1.27,5.2,2.257,0.237,5.335,20.686,1508,85.4,763.9,324.1,477.6,5607,42.2,<bg,<bg
VB214,AJ,Rijswijk,Arable_field,clay,1.25,5.7,2.919,0.269,6.319,22.460,1370,87.2,755.1,347.9,423.2,5793,41.4,<bg,<bg
VB215,AJ,Rijswijk,Arable_field,clay,1.27,5.3,2.113,0.241,4.956,20.122,1411,79.7,730.4,292.3,395.5,5775,38.5,<bg,<bg
VB216,AJ,Rijswijk,Arable_field,clay,1.22,5.8,2.233,0.25,5.840,23.404,1448,82.3,799.1,302.3,415.9,5465,40.0,<bg,<bg
VB217,AK,Rijswijk,Forest,clay,1.05,6.7,3.187,0.231,5.295,1.334,644,16.9,205.7,114.0,390.7,6854,91.6,<bg,<bg
VB218,AK,Rijswijk,Forest,clay,1.14,7.0,3.665,0.261,3.792,0.055,599,11.5,152.0,83.9,349.1,6059,45.7,<bg,<bg
VB219,AK,Rijswijk,Forest,clay,1.04,5.8,3.486,0.254,5.320,0.015,597,14.0,169.0,113.8,565.2,6489,85.5,<bg,<bg
VB220,AK,Rijswijk,Forest,clay,0.93,6.3,4.003,0.261,5.765,7.503,642,15.7,155.8,122.1,307.8,6580,99.2,<bg,<bg
VB221,AK,Rijswijk,Forest,clay,0.91,6.8,4.006,0.279,3.882,2.533,592,16.1,176.5,106.1,416.2,7610,130.8,<bg,<bg
VB222,AK,Rijswijk,Forest,clay,0.95,6.8,3.594,0.267,5.995,3.772,1004,12.9,135.5,95.9,469.3,6760,66.2,<bg,<bg
VB223,AL,Oostwaard,Grassland,clay,1.11,5.5,3.34,0.339,7.923,11.385,1167,45.2,451.1,257.1,618.4,4118,24.8,<bg,<bg
VB224,AL,Oostwaard,Grassland,clay,1.05,6.8,3.626,0.339,8.028,15.126,1037,64.3,456.8,273.9,404.1,4671,12.5,<bg,<bg
VB225,AL,Oostwaard,Grassland,clay,1.11,6.9,3.229,0.301,5.565,16.850,1121,45.0,381.3,233.1,298.4,4888,11.1,<bg,<bg
VB226,AL,Oostwaard,Grassland,clay,1.36,5.2,2.651,0.258,7.154,12.719,1107,71.2,592.5,320.6,230.2,2398,7.6,<bg,<bg
VB227,AL,Oostwaard,Grassland,clay,1.06,5.6,3.168,0.286,6.644,7.833,993,39.7,356.2,212.6,427.0,4364,13.9,<bg,<bg
VB228,AL,Oostwaard,Grassland,clay,1.14,6.9,3.216,0.299,7.553,15.161,966,50.8,365.0,264.5,144.6,4408,9.3,<bg,<bg
VB229,AM,Oostwaard,Forest,clay,0.86,6.8,2.539,0.19,6.399,14.342,810,66.0,433.9,130.3,300.1,4164,22.4,<bg,<bg
VB230,AM,Oostwaard,Forest,clay,1.12,4.5,3.059,0.226,4.581,0.460,873,46.9,421.7,110.3,328.7,2431,32.5,<bg,<bg
VB231,AM,Oostwaard,Forest,clay,1.23,5.4,2.218,0.169,5.010,3.352,697,44.1,303.6,96.7,219.9,1966,24.1,<bg,<bg
VB232,AM,Oostwaard,Forest,clay,1.06,6.1,2.598,0.216,6.339,9.132,773,63.5,411.7,142.0,163.7,2595,12.4,<bg,<bg
VB233,AM,Oostwaard,Forest,clay,1.13,5.9,2.191,0.185,4.911,3.127,974,42.7,354.1,154.1,280.7,2487,21.4,<bg,<bg
VB234,AM,Oostwaard,Forest,clay,0.96,6.4,2.845,0.225,5.280,5.905,788,40.9,312.8,105.0,386.3,3293,32.3,<bg,<bg
VB235,AN,Oostwaard,Food_forest,clay,1.26,5.2,1.921,0.192,6.759,2.443,712,33.2,275.7,155.9,188.5,1199,9.1,<bg,<bg
VB236,AN,Oostwaard,Food_forest,clay,1.14,6.2,2.401,0.241,6.564,13.368,761,33.6,319.5,134.6,220.1,2754,15.3,<bg,<bg
VB237,AN,Oostwaard,Food_forest,clay,1.04,5.5,3.02,0.291,5.805,0.719,1048,30.8,386.4,153.2,583.0,5073,22.2,<bg,<bg
VB238,AN,Oostwaard,Food_forest,clay,1.10,5.3,3.456,0.319,5.450,2.318,1172,35.2,472.9,170.1,602.9,4510,25.2,<bg,<bg
VB239,AN,Oostwaard,Food_forest,clay,0.97,6.5,3.439,0.316,5.800,18.833,982,34.7,351.3,125.9,502.6,5250,12.5,<bg,<bg
VB240,AN,Oostwaard,Food_forest,clay,1.17,6.5,3.06,0.283,6.489,11.350,998,42.8,363.6,135.2,379.3,4519,12.3,<bg,<bg
VB241,AO,Etten-Leur,Food_forest,sand,0.93,5.2,2.757,0.214,12.444,9.037,1075,107.5,476.2,175.2,103.8,1261,1.1,<bg,<bg
VB242,AO,Etten-Leur,Food_forest,sand,1.15,4.5,3.002,0.247,9.496,7.703,951,105.3,559.5,125.7,62.2,633,1.8,<bg,<bg
VB243,AO,Etten-Leur,Food_forest,sand,0.59,4.8,2.813,0.219,10.580,10.850,1019,110.1,509.9,174.7,82.2,825,0.6,<bg,<bg
VB244,AO,Etten-Leur,Food_forest,sand,1.02,4.4,3.664,0.233,12.769,9.526,905,104.9,423.2,96.4,46.4,417,1.4,52,<bg
VB245,AO,Etten-Leur,Food_forest,sand,1.12,4.2,2.696,0.201,9.422,2.957,951,108.9,452.8,81.9,41.3,411,6.0,63,<bg
VB246,AO,Etten-Leur,Food_forest,sand,0.67,4.3,2.909,0.249,18.229,6.454,961,115.4,429.8,126.9,60.3,546,9.1,52,<bg
VB247,AP,Etten-Leur,Grassland,sand,1.22,5.0,2.635,0.218,16.285,5.260,705,33.7,192.8,35.3,78.7,772,6.2,<bg,<bg
VB248,AP,Etten-Leur,Grassland,sand,1.17,5.4,2.639,0.214,10.066,3.896,662,70.8,301.0,28.5,65.1,499,1.9,<bg,<bg
VB249,AP,Etten-Leur,Grassland,sand,1.16,4.7,2.807,0.222,21.461,7.293,808,37.4,228.2,31.5,84.0,766,6.5,<bg,<bg
VB250,AP,Etten-Leur,Grassland,sand,1.14,4.8,2.651,0.225,11.560,5.155,775,37.6,226.5,32.7,86.8,775,5.3,<bg,<bg
VB251,AP,Etten-Leur,Grassland,sand,1.23,4.6,2.387,0.195,14.147,6.639,714,48.8,247.9,56.9,80.7,648,9.9,<bg,<bg
VB252,AP,Etten-Leur,Grassland,sand,1.16,4.5,2.482,0.195,13.713,7.004,809,67.8,300.3,28.2,70.0,567,2.0,<bg,<bg
VB253,AQ,Etten-Leur,Forest,sand,0.74,4.5,2.515,0.193,6.544,2.463,781,109.1,463.4,71.8,50.4,927,4.1,<bg,<bg
VB254,AQ,Etten-Leur,Forest,sand,0.89,4.1,2.404,0.201,9.252,5.075,1096,150.6,640.7,84.2,42.7,716,6.3,<bg,7.7
VB255,AQ,Etten-Leur,Forest,sand,1.07,3.8,2.56,0.203,21.021,0.834,885,154.3,571.2,56.8,27.5,334,2.8,79,7.8
VB256,AQ,Etten-Leur,Forest,sand,1.04,4.6,2.529,0.199,9.506,0.210,1023,112.9,583.5,88.4,68.1,1127,8.0,<bg,<bg
VB257,AQ,Etten-Leur,Forest,sand,0.92,4.9,2.889,0.216,9.921,0.165,854,86.3,477.0,77.2,74.5,1679,7.6,<bg,<bg
VB258,AQ,Etten-Leur,Forest,sand,0.83,3.9,2.241,0.172,9.302,1.828,965,146.2,628.2,74.9,29.1,485,3.0,62,6.1
VB259,AR,Etten-Leur,Arable_field,sand,1.29,4.9,2.213,0.2,6.874,33.075,830,48.9,336.3,46.2,188.9,1141,17.6,<bg,<bg
VB260,AR,Etten-Leur,Arable_field,sand,1.22,5.2,2.651,0.235,4.986,33.315,845,62.3,362.2,49.7,209.0,1258,15.0,<bg,<bg
VB261,AR,Etten-Leur,Arable_field,sand,1.18,5.1,2.34,0.204,7.923,19.482,817,64.3,383.3,46.8,187.2,1101,10.1,<bg,<bg
VB262,AR,Etten-Leur,Arable_field,sand,1.12,4.9,2.712,0.227,7.303,29.349,796,46.8,333.4,48.5,219.2,1155,14.8,<bg,<bg
VB263,AR,Etten-Leur,Arable_field,sand,1.29,5.5,2.362,0.221,6.000,29.818,784,46.2,299.6,47.0,206.8,1144,13.9,<bg,<bg
VB264,AR,Etten-Leur,Arable_field,sand,1.37,5.3,2.401,0.208,7.448,29.299,836,64.6,368.9,75.6,207.0,1031,21.7,<bg,<bg
VB265,AS,Malden,Grassland,loam,0.92,4.1,6.86,0.461,25.652,9.891,981,59.4,327.5,45.8,126.7,1046,4.7,170,<bg
VB266,AS,Malden,Grassland,loam,1.13,4.4,4.683,0.332,14.037,9.556,826,43.4,280.0,38.3,171.8,1094,1.5,<bg,<bg
VB267,AS,Malden,Grassland,loam,1.15,4.4,3.842,0.309,11.260,7.668,820,50.7,342.2,38.4,185.9,1086,4.8,<bg,<bg
VB268,AS,Malden,Grassland,loam,1.07,4.5,3.943,0.303,13.308,8.362,658,33.5,227.2,32.8,157.7,1069,1.7,<bg,<bg
VB269,AS,Malden,Grassland,loam,0.98,4.2,5.891,0.388,16.495,9.691,878,58.5,307.5,47.4,174.1,1223,3.5,87,<bg
VB270,AS,Malden,Grassland,loam,1.19,4.5,3.132,0.263,11.899,2.698,600,21.6,212.0,51.9,199.8,1310,5.3,<bg,<bg
VB271,AT,Malden,Food_forest,loam,0.89,4.4,4.931,0.357,18.259,5.540,913,97.5,381.4,76.1,132.1,1106,7.0,57,<bg
VB272,AT,Malden,Food_forest,loam,0.77,4.7,4.33,0.32,13.293,5.740,901,82.1,414.8,212.5,193.6,1585,9.4,<bg,<bg
VB273,AT,Malden,Food_forest,loam,0.94,4.7,4.699,0.338,21.506,5.035,790,51.9,240.5,47.2,159.3,1448,13.1,<bg,<bg
VB274,AT,Malden,Food_forest,loam,0.84,4.8,3.798,0.273,29.149,14.027,943,96.8,447.3,105.7,131.8,1087,3.4,<bg,<bg
VB275,AT,Malden,Food_forest,loam,0.88,4.4,5.611,0.352,15.491,4.691,908,59.7,284.5,50.6,137.9,1212,9.0,<bg,<bg
VB276,AT,Malden,Food_forest,loam,0.97,4.7,4.485,0.313,10.216,4.151,912,73.9,323.1,210.1,174.5,1347,5.7,<bg,<bg
VB277,AU,Malden,Forest,loam,0.54,3.2,5.224,0.257,14.872,1.549,188,23.8,17.9,29.8,20.6,168,18.2,372,10.2
VB278,AU,Malden,Forest,loam,0.68,3.2,6.162,0.297,14.702,1.803,142,21.9,16.2,34.1,34.1,264,15.9,276,9.4
VB279,AU,Malden,Forest,loam,0.59,3.4,6.62,0.4,26.271,NA,500,43.6,159.5,64.4,30.7,727,21.8,314,11.5
VB280,AU,Malden,Forest,loam,0.51,3.1,4.932,0.241,26.486,0.764,160,20.8,16.1,33.0,30.2,236,14.9,308,<bg
VB281,AU,Malden,Forest,loam,0.62,3.3,3.617,0.193,19.727,NA,126,15.9,13.6,22.9,24.3,152,21.1,283,<bg
VB282,AU,Malden,Forest,loam,0.44,3.4,7.744,0.415,41.073,0.579,282,28.2,57.3,36.1,47.7,374,20.4,461,<bg
VB283,AV,Malden,Arable_field,loam,1.36,6.2,1.803,0.164,2.718,6.139,1486,99.7,907.2,402.0,206.3,1432,13.5,<bg,<bg
VB284,AV,Malden,Arable_field,loam,1.35,6.2,1.804,0.164,1.209,5.370,1448,97.0,871.2,309.3,203.7,1453,18.1,<bg,<bg
VB285,AV,Malden,Arable_field,loam,1.24,6.0,2.065,0.181,3.787,5.710,1350,86.5,773.9,303.5,200.4,1540,16.7,<bg,<bg
VB286,AV,Malden,Arable_field,loam,1.33,5.5,2.1,0.193,5.835,3.532,1231,79.9,682.9,361.9,212.9,1521,21.9,<bg,<bg
VB287,AV,Malden,Arable_field,loam,1.28,5.6,1.648,0.145,3.212,2.598,1274,82.0,705.3,216.1,148.0,1271,16.3,<bg,<bg
VB288,AV,Malden,Arable_field,loam,1.39,5.9,2.079,0.21,4.566,5.265,1282,77.0,793.5,402.6,239.7,1616,29.2,<bg,<bg
VB289,AW,Vaassen,Forest,sand,1.27,3.2,2.783,0.107,2.817,0.455,101,10.4,11.7,9.7,6.3,13,7.0,162,9.6
VB290,AW,Vaassen,Forest,sand,1.18,3.1,3.456,0.118,3.522,NA,153,25.2,54.9,12.2,6.8,13,8.9,264,11.2
VB291,AW,Vaassen,Forest,sand,0.93,3.2,3.301,0.108,6.209,NA,145,24.3,47.6,13.0,4.8,9,8.6,252,13.1
VB292,AW,Vaassen,Forest,sand,1.29,3.5,2.927,0.122,6.644,0.340,139,13.2,13.8,13.8,4.5,7,5.5,280,22.5
VB293,AW,Vaassen,Forest,sand,1.28,3.5,2.447,0.117,7.104,0.360,115,11.6,14.5,12.6,4.9,24,7.3,286,18.7
VB294,AW,Vaassen,Forest,sand,1.16,3.7,2.678,0.112,4.491,0.075,85,10.6,22.8,12.7,3.5,2,4.8,243,21.6
VB295,AX,Vaassen,Food_forest,sand,0.99,5.2,3.142,0.267,8.522,7.613,1469,155.8,1097.7,237.8,116.3,1191,9.1,<bg,<bg
VB296,AX,Vaassen,Food_forest,sand,1.04,4.7,3.266,0.237,8.592,4.651,1151,161.8,870.2,122.7,89.2,772,6.6,<bg,<bg
VB297,AX,Vaassen,Food_forest,sand,1.11,4.9,3.209,0.182,4.556,0.864,931,122.5,667.6,71.1,77.7,913,5.2,<bg,<bg
VB298,AX,Vaassen,Food_forest,sand,1.11,4.7,2.807,0.198,10.371,6.444,1157,151.1,937.6,111.9,68.0,785,5.5,<bg,<bg
VB299,AX,Vaassen,Food_forest,sand,1.06,4.8,3.46,0.25,6.549,3.812,1644,179.6,1064.5,186.1,95.5,891,9.2,<bg,<bg
VB300,AX,Vaassen,Food_forest,sand,1.11,4.7,3.457,0.21,4.756,1.284,1182,137.4,665.9,103.0,85.7,990,5.9,<bg,<bg
VB301,AY,Vaassen,Grassland,sand,1.39,5.6,2.828,0.196,4.186,3.956,1304,126.4,823.0,126.4,182.4,1215,18.9,<bg,<bg
VB302,AY,Vaassen,Grassland,sand,1.35,5.1,2.473,0.176,3.931,2.053,1187,123.6,772.7,133.1,164.2,1050,18.3,<bg,<bg
VB303,AY,Vaassen,Grassland,sand,1.39,5.5,3.074,0.212,4.226,2.548,1234,117.0,776.6,98.3,181.9,1218,16.9,<bg,<bg
VB304,AY,Vaassen,Grassland,sand,1.32,5.2,3.285,0.206,4.351,2.118,1189,129.0,856.1,96.0,201.3,1368,18.9,<bg,<bg
VB305,AY,Vaassen,Grassland,sand,1.34,5.1,3.448,0.21,3.712,1.693,1253,124.9,825.2,114.5,200.7,1307,19.5,<bg,<bg
VB306,AY,Vaassen,Grassland,sand,1.40,5.2,3.646,0.221,2.353,3.007,1272,126.0,847.6,140.3,200.8,1323,23.0,<bg,<bg
VB307,AZ,Vaassen,Arable_field,sand,1.41,5.2,3.101,0.212,5.925,10.965,1362,126.5,801.9,90.1,151.0,1042,5.1,<bg,<bg
VB308,AZ,Vaassen,Arable_field,sand,1.34,5.6,2.402,0.184,5.800,18.778,1148,105.3,854.4,104.5,111.8,1158,4.4,<bg,<bg
VB309,AZ,Vaassen,Arable_field,sand,1.42,5.0,2.855,0.203,5.405,8.942,1352,119.7,869.4,94.6,131.1,1100,4.4,<bg,<bg
VB310,AZ,Vaassen,Arable_field,sand,1.41,5.5,2.932,0.202,5.915,7.418,1144,107.2,783.9,86.9,108.9,1185,4.3,<bg,<bg
VB311,AZ,Vaassen,Arable_field,sand,1.38,5.3,3.069,0.209,5.655,16.855,1196,111.0,872.6,110.6,133.6,1198,4.9,<bg,<bg
VB312,AZ,Vaassen,Arable_field,sand,1.40,5.3,3.008,0.208,4.901,9.007,1287,117.6,843.0,98.0,107.1,1017,4.6,<bg,<bg
